name;sku;subtitle;description;category1;category2;category3;image;ribbon;ribbonColor;weight;price;recommended_price;quantity;enabled;shipping_freight;fixed_shipping_rate_only;shippingType;shippingMethodMarkup;shippingFlatRate;shippingDisabledMethods;shippingEnabledMethods;upc;brand;seo_title;seo_description;product_url;product_id
אפודה לילדים;"00038";;"<p>אל תגידו לי שלא התאהבתם ממבט ראשון באפודה הסרוגה הקסומה הזו,</p><p>לי אישית היא מזכירה את הילדות שלי ואת הבגדים הסרוגים שסבתא שלי הייתה סורגת לי ואחר כך אמא שלי סרגה לנכדים שלה!</p><p>בתמונה אפשר לראות את האפודה שסרגתי לאנה, לגיל שנה.❤️️</p><p><strong><br></strong></p><p><strong>לפי תרשים המדידה מלאו את המידות בס״מ של ילדכם♥️</strong></p><p><strong><u>כל האפודות נסרגות מ100% חוטי אקריל, ניתנים לכביסה עדינה בלבד.</u></strong></p><p><br></p><p><u>שימו לב:</u></p><p>- התשלום בפייבוקס או מזומן</p><p>- ינה סורגת את האפודה במיוחד אז הכנתה תיקח בין שבוע לשבועיים<br></p><p>- לבקשות מיוחדות נא לפנות ישירות לינה בטלפון <a href=""tel:0546405208"" target=""_blank"">0546405208</a> או ב<a href=""https://wa.me/972546405208"" target=""_blank"">ווטסאפ</a></p><p><br></p>";"עד 100 ש""ח";ילדות מושלמת;ניו-בורן;https://d2j6dbq0eux0bg.cloudfront.net/images/35000153/1795537429.jpg;;;0.00;90.0;120.00;;yes;0.00;no;GLOBAL_METHODS;0.00;0.00;;;;;;;https://store35000153.company.site#!/אפודה-לילדים/p/261491223;261491223
אצבעון חיות;"00033";;"<p>את אצבעון החיות יצרתי לפי הזמנה מיוחדת של הנכדים!</p><p>הם בנו תיאטרון בובות מרהיב וביקשו ממני ליצור עבורם אריה, פיל וצפרדע! סבתא ינה לא אומרת לא.. וחיש מהר נולדו בובות אצבע מתוקות ♥️</p><p>האצבעונים נסרגים באמצעות מסרגה אחת, בחוטי אקריל המתאימים לשימוש ילדים ללא סכנה.</p><p>מידת האצבעון היא סטנדרטית למבוגרים</p><p><br></p><p><u><br>שימו לב:</u></p><p>- התשלום בפייבוקס או מזומן</p><p>- ינה סורגת את הבובות במיוחד אז הכנת הבובה תיקח בין שבוע לשבועיים<br></p><p>- לבקשות מיוחדות נא לפנות ישירות לינה בטלפון <a href=""tel:0546405208"" target=""_blank"">0546405208</a> או ב<a href=""https://wa.me/972546405208"" target=""_blank"">ווטסאפ</a></p>";ניו-בורן;"עד 100 ש""ח";;https://d2j6dbq0eux0bg.cloudfront.net/images/35000153/1732173427.jpg;;;0.00;55.0;;;yes;0.00;no;GLOBAL_METHODS;0.00;0.00;;;;;;;https://store35000153.company.site#!/אצבעון-חיות/p/249769162;249769162
ארנבון;"00014";;"<p><strong>המחיר הוא עבור בובת ארנב בודדת</strong></p><p>הארנבונים של ינה הם מקסימים, קלילים ומאוד נוחים להחזקה. מתאימים מאוד כזוג!</p><p>כל הארנבונים עשויים מ100% כותנה וניתנים לכביסה במכונת כביסה, 30-40 מעלות.</p><p><strong>יש לציין בעת ההזמנה את צבע הבגד והאם מדובר בארנבון או ארנבונית ;)</strong></p><p>גובה הבובה הוא כ37 ס״מ<br></p><p><br></p><p><u><br>שימו לב:</u></p><p>- התשלום בפייבוקס או מזומן</p><p>- ינה סורגת את הבובות במיוחד אז הכנת הבובה תיקח בין שבוע לשבועיים<br></p><p>- לבקשות מיוחדות נא לפנות ישירות לינה בטלפון <a href=""tel:0546405208"" target=""_blank"">0546405208</a> או ב<a href=""https://wa.me/972546405208"" target=""_blank"">ווטסאפ</a></p>";ילדות מושלמת;לאוהבים;;https://d2j6dbq0eux0bg.cloudfront.net/images/35000153/1644049290.jpg;;;0.00;160.0;230.00;;yes;0.00;no;GLOBAL_METHODS;0.00;0.00;;;;;rabbit;;https://store35000153.company.site#!/ארנבון/p/234299340;234299340
ארנב רעשן;"00035";;"<p>על בונבון הארנבון שמעתם?</p><p>כזה בונבון!</p><p>אתמול החלטתי שנחתה עליי רוח השטות והחלטתי להפוך את הארנבון לבונבון צבעוני וחמוד</p><p>אז לא רק שהוא צבעוני וחמוד, הוא גם מחביא בבטנו רעשן קטן ונחמד.</p><p>הבובה מתאימה מאוד לתינוקות ופעוטות שאוהבים לשחק ולעוף בדמיון עם בובות מצחיקות.</p><p>אני בטוחה שתהנו מבונבוני כמו שאני נהנתי לסרוג אותו :)<br></p><p><strong>בונבון הארנבון סרוג מ100% חוטי כותנה, ניתן לכבס אותו ביד ב30 מעלות.</strong></p><p><br></p><p><u><br>שימו לב:</u></p><p>- התשלום בפייבוקס או מזומן</p><p>- ינה סורגת את הבובות במיוחד אז הכנת הבובה תיקח בין שבוע לשבועיים<br></p><p>- לבקשות מיוחדות נא לפנות ישירות לינה בטלפון <a href=""tel:0546405208"" target=""_blank"">0546405208</a> או ב<a href=""https://wa.me/972546405208"" target=""_blank"">ווטסאפ</a></p>";ניו-בורן;"עד 100 ש""ח";;https://d2j6dbq0eux0bg.cloudfront.net/images/35000153/1754637580.jpg;;;0.00;70.0;80.00;;yes;0.00;no;GLOBAL_METHODS;0.00;0.00;;;;;;;https://store35000153.company.site#!/ארנב-רעשן/p/252907821;252907821
ג׳ירפה מצחיקה;"00006";;"<p>הג'ירפה של ינה עשויה כולה מ100% כותנה, נסרגת באהבה רבה בדיוק כל חברותיה החיות!</p><p>הג'ירפה שתקבלו נסרגה בצבעים קצת שונים מחברתה, בכל זאת אין 2 ג'ירפות זהות בעולם.. ;)</p><p>כל הג'ירפות ניתנות לכביסה במכונת הכביסה שלכם, 30-40 מעלות.</p><p>גובהה של הג'ירפה הוא כ40 ס""מ.</p><p><br></p><p><u><br>שימו לב:</u></p><p>- התשלום בפייבוקס או מזומן</p><p>- ינה סורגת את הבובות במיוחד אז הכנת הבובה תיקח בין שבוע לשבועיים<br></p><p>- לבקשות מיוחדות נא לפנות ישירות לינה בטלפון <a href=""tel:0546405208"" target=""_blank"">0546405208</a> או ב<a href=""https://wa.me/972546405208"" target=""_blank"">ווטסאפ</a></p>";ילדות מושלמת;;;https://d2j6dbq0eux0bg.cloudfront.net/images/35000153/1646363396.jpg;;;0.00;140.0;180.00;;yes;0.00;no;GLOBAL_METHODS;0.00;0.00;;;;;;;https://store35000153.company.site#!/ג׳ירפה-מצחיקה/p/228372582;228372582
דינו הדינוזאור;"00005";;"<p>דינו שלנו תמיד גורם להתרגשות גדולה בקרב כל הנכדים!</p><p>הוא מצחיק, שובב ופטפטן!! יש בו כל מה שהילד שלכם רוצה - נוח לחבק ונוח לשחק :)</p><p>דינו סרוג מחוטי אקריל סינטטיים וגם אותו ניתן לכבס במכונת הכביסה שלכם, 30-40 מעלות והוא כמו חדש :)</p><p><br></p><p><u><br>שימו לב:</u></p><p>- התשלום בפייבוקס או מזומן</p><p>- ינה סורגת את הבובות במיוחד אז הכנת הבובה תיקח בין שבוע לשבועיים<br></p><p>- לבקשות מיוחדות נא לפנות ישירות לינה בטלפון <a href=""tel:0546405208"" target=""_blank"">0546405208</a> או ב<a href=""https://wa.me/972546405208"" target=""_blank"">ווטסאפ</a></p>";ילדות מושלמת;;;https://d2j6dbq0eux0bg.cloudfront.net/images/35000153/1652648034.jpg;;;0.00;270.0;310.00;;yes;0.00;no;GLOBAL_METHODS;0.00;0.00;;;;;;;https://store35000153.company.site#!/דינו-הדינוזאור/p/228366654;228366654
דרדס;"00003";;"<p>לפני הרבה הרבה שנים<br>בתוך יער עבות<br>היה כפר נסתר שבו חיו יצורים כחולים קטנטנים,<br>קראו להם דרדסים<br>הם היו טובי לב.</p><p>קונדסון או שכחני? תחליטו אתם! הדרדס שלנו פשוט הורס מצחוק.</p><p>הדרדס נסרג מחוטי אקריל סינטטיים, ניתן לכבס במכונת הכביסה שלכם, 30-40 מעלות.</p><p>גובה הבובה הוא כ32 ס""מ.</p><p><br></p><p><u><br>שימו לב:</u></p><p>- התשלום בפייבוקס או מזומן</p><p>- ינה סורגת את הבובות במיוחד אז הכנת הבובה תיקח בין שבוע לשבועיים<br></p><p>- לבקשות מיוחדות נא לפנות ישירות לינה בטלפון <a href=""tel:0546405208"" target=""_blank"">0546405208</a> או ב<a href=""https://wa.me/972546405208"" target=""_blank"">ווטסאפ</a></p><p><span class=""redactor-invisible-space""></span></p>";ילדות מושלמת;;;https://d2j6dbq0eux0bg.cloudfront.net/images/35000153/1600766655.jpg;;;0.00;190.0;230.00;;yes;0.00;no;GLOBAL_METHODS;0.00;0.00;;;;;;;https://store35000153.company.site#!/דרדס/p/228373547;228373547
האריה שאהב תות;"00041";;"<p>אני יודעת שהשם הוא לא מקורי במיוחד, אבל מה לעשות? הוא באמת אוהב תות!</p><p>האריה המתוק הזה שובה בקסמיו כל זוג ידיים שאוחזות בו.</p><p>הוא אוהב לטייל, לקרוא ספרים, לשמוע מוזיקה.. וישמח לחלוק אתכם תות או שניים :)</p><p><strong><br></strong></p><p><strong>כל האריות החמודים שלי סרוגים מחוטי פלוש ,100% אקריל.</strong></p><p><strong>ניתן לכבסם ביד בכביסה עדינה בלבד</strong></p><p><br></p><p><u>שימו לב:</u></p><p>- התשלום בפייבוקס או מזומן</p><p>- ינה סורגת את האריה במיוחד אז הכנתו תארך מספר ימים<br></p><p>- לבקשות מיוחדות נא לפנות ישירות לינה בטלפון <a href=""tel:0546405208"" target=""_blank"">0546405208</a> או ב<a href=""https://wa.me/972546405208"" target=""_blank"">ווטסאפ</a></p><p><br></p>";ילדות מושלמת;;;https://d2j6dbq0eux0bg.cloudfront.net/images/35000153/1991803123.jpg;;;0.00;180.0;220.00;;yes;0.00;no;GLOBAL_METHODS;0.00;0.00;;;;;האריה שאהב תות;אני יודעת שהשם הוא לא מקורי במיוחד, אבל מה לעשות? הוא באמת אוהב תות! האריה המתוק הזה שובה בקסמיו כל זוג ידיים שאוחזות בו. הוא אוהב לטייל, לקרוא ספרים, לשמוע מוזיקה.. וישמח לחלוק אתכם תות או שניים :) כל האריות החמודים שלי סרוגים מחוטי פלוש ,100% אקריל. ניתן לכבסם ביד בכביסה עדינה בלבד;https://store35000153.company.site#!/האריה-שאהב-תות/p/295507008;295507008
היפופוטמית;"00013";;"<p>ראיתם פעם היפופוטמית שרוקדת בלט? אז תכירו את היפי ההיפית שלנו בוגרת להקת המחול של גן החיות של ינה!!</p><p>היא יפה, עדינה, סבלנית והכי חשוב - אוהבת את כווולם!</p><p>היפי ההיפית סרוגה מ100% כותנה, ניתנת לכביסה במכונת הכביסה הביתית שלכם, 30-40 מעלות.</p><p>גובה הבובה הוא כ20 ס״מ<br></p><p><u><br>שימו לב:</u></p><p>- התשלום בפייבוקס או מזומן</p><p>- ינה סורגת את הבובות במיוחד אז הכנת הבובה תיקח בין שבוע לשבועיים<br></p><p>- לבקשות מיוחדות נא לפנות ישירות לינה בטלפון <a href=""tel:0546405208"" target=""_blank"">0546405208</a> או ב<a href=""https://wa.me/972546405208"" target=""_blank"">ווטסאפ</a></p>";;;;https://d2j6dbq0eux0bg.cloudfront.net/images/35000153/1674283169.jpg;;;0.00;180.0;250.00;;yes;0.00;no;GLOBAL_METHODS;0.00;0.00;;;;;;;https://store35000153.company.site#!/היפופוטמית/p/234339166;234339166
הפנתר הורוד;"00031";;"<p>מי לא מכיר ואוהב את החיה הכי ורודה ומסתורית?</p><p>הפנתר הורוד ישמח לעזור לכם לפתור כל תעלומה, למצוא את הפושעים וגם לשלוף דברים מהכיסים!</p><p>הפנתר הורוד סרוג מחוטי אקריל סינטטיים, ניתן לכבס אותו במכונת כביסה, 30-40 מעלות</p><p><br></p><p><u><br>שימו לב:</u></p><p>- התשלום בפייבוקס או מזומן</p><p>- ינה סורגת את הבובות במיוחד אז הכנת הבובה תיקח בין שבוע לשבועיים<br></p><p>- לבקשות מיוחדות נא לפנות ישירות לינה בטלפון <a href=""tel:0546405208"" target=""_blank"">0546405208</a> או ב<a href=""https://wa.me/972546405208"" target=""_blank"">ווטסאפ</a></p>";ילדות מושלמת;;;https://d2j6dbq0eux0bg.cloudfront.net/images/35000153/1654618986.jpg;;;0.00;120.0;150.00;;yes;0.00;no;GLOBAL_METHODS;0.00;0.00;;;;;;;https://store35000153.company.site#!/הפנתר-הורוד/p/235558930;235558930
חזירונת מתוקונת;"00019";;"<p>החזירונת שלנו גם היא בוגרת להקת הבלט של גן החיות!</p><p>יודעת לעשות פירואט כפול שישאיר אתכם המומים!</p><p>גובהה הוא כ15 ס""מ, עשויה מ100% כותנה.</p><p>ניתן לכבס אותה במכונת הכביסה, 30-40 מעלות.</p><p><u><br>שימו לב:</u></p><p>- התשלום בפייבוקס או מזומן</p><p>- ינה סורגת את הבובות במיוחד אז הכנת הבובה תיקח בין שבוע לשבועיים<br></p><p>- לבקשות מיוחדות נא לפנות ישירות לינה בטלפון <a href=""tel:0546405208"" target=""_blank"">0546405208</a> או ב<a href=""https://wa.me/972546405208"" target=""_blank"">ווטסאפ</a></p>";"עד 100 ש""ח";לאוהבים;;https://d2j6dbq0eux0bg.cloudfront.net/images/35000153/1646322114.jpg;;;0.00;100.0;130.00;;yes;0.00;no;GLOBAL_METHODS;0.00;0.00;;;;;;;https://store35000153.company.site#!/חזירונת-מתוקונת/p/234725188;234725188
חמוריקו;"00017";;"<p>נוסטלגיה זה כאן!<br></p><p>גדלנו על הסרט ברמיינסקי מוזיקנטי ובזכות ינה החיות האהובות עלינו חזרו לחיינו! וכעת הנכדים זוכים לשחק איתן:)</p><p>גם אם אתם לא מכירים את הסרט, יש סיכוי גבוהה שתתאהבו בחמוריקו המצחיקול שלנו. יש לו את השלייקעס הכי יפים בעיר וחיוך גדול שמזכיר לנו כמה כיף זה לשחק בבובות :)</p><p>חמוריקו נסרג מ100% כותנה, ניתן לכבס במכונת הכביסה הביתית על 30-40 מעלות.</p><p>גובה הבובה הוא כ40 ס״מ</p><p><br></p><p><u><br>שימו לב:</u></p><p>- התשלום בפייבוקס או מזומן</p><p>- ינה סורגת את הבובות במיוחד אז הכנת הבובה תיקח בין שבוע לשבועיים<br></p><p>- לבקשות מיוחדות נא לפנות ישירות לינה בטלפון <a href=""tel:0546405208"" target=""_blank"">0546405208</a> או ב<a href=""https://wa.me/972546405208"" target=""_blank"">ווטסאפ</a></p>";ילדות מושלמת;;;https://d2j6dbq0eux0bg.cloudfront.net/images/35000153/1644050638.jpg;;;0.00;300.0;360.00;;yes;0.00;no;GLOBAL_METHODS;0.00;0.00;;;;;;;https://store35000153.company.site#!/חמוריקו/p/234269829;234269829
חתולון שמח;"00015";;"<p>חתולון שובה לב, ישמח לשחק אתכם בכל משחק דמיון שתמציאו עבורו! הוא יודע לשיר ולרקוד.. ואפילו לספר בדיחות!<br></p><p>עם החתולון שלנו מומלץ להירדם בלילה במיטה, הוא ישמור עליכם ולא יעצום עין כל הלילה!</p><p>עשוי מחוטי אקריל סינטטיים, ניתן לכבס במכונת הכביסה שלכם, על 30-40 מעלות</p><p>גובה הבובה הוא כ38 ס""מ</p><p><strong><span style=""background-color: rgb(247, 150, 70);"">כרגע נגמר החוט הכתמתם, נעדכן אתכם כשיחזור למלאי</span></strong></p><p><u><br>שימו לב:</u></p><p>- התשלום בפייבוקס או מזומן</p><p>- ינה סורגת את הבובות במיוחד אז הכנת הבובה תיקח בין שבוע לשבועיים<br></p><p>- לבקשות מיוחדות נא לפנות ישירות לינה בטלפון <a href=""tel:0546405208"" target=""_blank"">0546405208</a> או ב<a href=""https://wa.me/972546405208"" target=""_blank"">ווטסאפ</a></p>";;;;https://d2j6dbq0eux0bg.cloudfront.net/images/35000153/1650440353.jpg;;;0.00;130.0;170.00;;yes;0.00;no;GLOBAL_METHODS;0.00;0.00;;;;;;;https://store35000153.company.site#!/חתולון-שמח/p/234269800;234269800
ינשופית;"00021";;"<p>הינשופית של ינה עשויה כולה מחוטי אקריל סינטטיים, נסרגת באהבה רבה בדיוק כמו כל חברותיה החיות!</p><p>כמובן הינשופית ערה הלילה וישנה ביום, אבל אל תדאגו - היא לא זקוקה ליחס מיוחד בלילה :)</p><p>כל הינשופות  והינשופים ניתנים לכביסה במכונת הכביסה שלכם, 30-40 מעלות</p><p>גובה הבובה הוא כ17 ס""מ</p><p><u><br>שימו לב:</u></p><p>- התשלום בפייבוקס או מזומן</p><p>- ינה סורגת את הבובות במיוחד אז הכנת הבובה תיקח בין שבוע לשבועיים<br></p><p>- לבקשות מיוחדות נא לפנות ישירות לינה בטלפון <a href=""tel:0546405208"" target=""_blank"">0546405208</a> או ב<a href=""https://wa.me/972546405208"" target=""_blank"">ווטסאפ</a></p>";;;;https://d2j6dbq0eux0bg.cloudfront.net/images/35000153/1646431418.jpg;;;0.00;150.0;190.00;;yes;0.00;no;GLOBAL_METHODS;0.00;0.00;;;;;;;https://store35000153.company.site#!/ינשופית/p/234731781;234731781
ינשופית מגונדרת;"00029";;"<p>יונה הינשופית היא המגונדרת שבחבורה!</p><p>היא תמיד יודעת מה שיק ומה שוק וכמובן איפה המקום הכי שווה לקנות בו בגדים לחג!</p><p>את יונה הינשופית ינהצ'קה המציאה בעצמה :)</p><p>הינשופית סרוגה מחוטי אקריל סינטטיים, ניתן לכבס אותה במכונת כביסה, 30-40 מעלות</p><p>גובה הבובה הוא כ17 ס""מ</p><p><br></p><p><u><br>שימו לב:</u></p><p>- התשלום בפייבוקס או מזומן</p><p>- ינה סורגת את הבובות במיוחד אז הכנת הבובה תיקח בין שבוע לשבועיים<br></p><p>- לבקשות מיוחדות נא לפנות ישירות לינה בטלפון <a href=""tel:0546405208"" target=""_blank"">0546405208</a> או ב<a href=""https://wa.me/972546405208"" target=""_blank"">ווטסאפ</a></p>";;;;https://d2j6dbq0eux0bg.cloudfront.net/images/35000153/1652623736.jpg;;;0.00;150.0;190.00;;yes;0.00;no;GLOBAL_METHODS;0.00;0.00;;;;;;;https://store35000153.company.site#!/ינשופית-מגונדרת/p/235366452;235366452
כבשה;"00022";;"<p>הכיבשה של ינה עשויה כולה מ100% כותנה, נסרגת באהבה רבה בדיוק כל חברותיה החיות!</p><p>כל הכבשים ניתנות לכביסה במכונת הכביסה שלכם, 30-40 מעלות.<br></p><p>גובה הכבשה הקטנה הוא כ30 ס""מ.</p><p>גובה הכבשה הגדולה הוא כ40 ס""מ.</p><p><u><br>שימו לב:</u></p><p>- התשלום בפייבוקס או מזומן</p><p>- ינה סורגת את הבובות במיוחד אז הכנת הבובה תיקח בין שבוע לשבועיים<br></p><p>- לבקשות מיוחדות נא לפנות ישירות לינה בטלפון <a href=""tel:0546405208"" target=""_blank"">0546405208</a> או ב<a href=""https://wa.me/972546405208"" target=""_blank"">ווטסאפ</a></p>";ילדות מושלמת;ניו-בורן;;https://d2j6dbq0eux0bg.cloudfront.net/images/35000153/1650429645.jpg;;;0.00;160.0;220.00;;yes;0.00;no;GLOBAL_METHODS;0.00;0.00;;;;;;;https://store35000153.company.site#!/כבשה/p/234884337;234884337
כלב אקורדיון;"00034";;"<p>צביקה הוא ללא ספק הכלב הכי יפה בשכונה של ינה - עשוי כולו מחוטי אקריל ונסרג באהבה רבה!</p><p>קשה להישאר אדישים אל מול צביקוש היפיוף הזה, הצבעוניות שלו משמחת את כולם, האקורדיון שלו מצחיק את הילדים :)</p><p>צביקה הכלב ניתן לכביסה במכונת הכביסה שלכם, על 30-40 מעלות.</p><p>אורכו של צביקהל'ה מגיע לכ 60 ס""מ</p><p><u><br>שימו לב:</u></p><p>- התשלום בפייבוקס או מזומן</p><p>- ינה סורגת את הבובות במיוחד אז הכנת הבובה תיקח בין שבוע לשבועיים<br></p><p>- לבקשות מיוחדות נא לפנות ישירות לינה בטלפון <a href=""tel:0546405208"" target=""_blank"">0546405208</a> או ב<a href=""https://wa.me/972546405208"" target=""_blank"">ווטסאפ</a></p>";ילדות מושלמת;;;https://d2j6dbq0eux0bg.cloudfront.net/images/35000153/1745378981.jpg;;;0.00;280.0;320.00;;yes;0.00;no;GLOBAL_METHODS;0.00;0.00;;;;;;;https://store35000153.company.site#!/כלב-אקורדיון/p/251362262;251362262
כלבלב;"00018";;"<p>נוסטלגיה זה כאן!</p><p>גדלנו על הסרט ברמיינסקי מוזיקנטי ובזכות ינה החיות האהובות עלינו חזרו לחיינו! וכעת הנכדים זוכים לשחק איתן:)</p><p>גם אם אתם לא מכירים את הסרט, יש סיכוי גבוהה שתתאהבו בכלבלב הכחלחל שלנו. יש לו את החיוך הכי מקסים ואוזניים שכיף ללטף :)</p><p>הכלבלב נסרג מחוטי אקריל סינטטיים, ניתן לכבס במכונת הכביסה הביתית על 30-40 מעלות</p><p>גובה הבובה הוא כ30 ס""מ</p><p><u><br>שימו לב:</u></p><p>- התשלום בפייבוקס או מזומן</p><p>- ינה סורגת את הבובות במיוחד אז הכנת הבובה תיקח בין שבוע לשבועיים<br></p><p>- לבקשות מיוחדות נא לפנות ישירות לינה בטלפון <a href=""tel:0546405208"" target=""_blank"">0546405208</a> או ב<a href=""https://wa.me/972546405208"" target=""_blank"">ווטסאפ</a></p>";ילדות מושלמת;;;https://d2j6dbq0eux0bg.cloudfront.net/images/35000153/1644050698.jpg;;;0.00;160.0;210.00;;yes;0.00;no;GLOBAL_METHODS;0.00;0.00;;;;;;;https://store35000153.company.site#!/כלבלב/p/234339196;234339196
ליצן קטן שלי;"00039";;"<p>ליצן קטן שלי, אולי תרקוד איתי? אולי? אולי תרקוד איתי :)</p><p>ליצני הקטן שלי נולד לכבוד יום הולדת שנתיים של עידודו שלנו</p><p>בעידן הקורונה אני צריכה להמציא את עצמי מחדש, לחגוג מרחוק עם הנכדים..</p><p>אז הליצן כאן בשביל לשמח את כולם בתקופה הלא פשוטה הזו-</p><p>מבוגרים וילדים כאחד.</p><p><br></p><p>גובה הליצן הוא 45 ס""מ</p><p><strong>ליצני הקטן שלי סרוג מ100% חוטי כותנה, ניתן לכבס אותו ביד ב30 מעלות.</strong></p><p><br></p><p><u>שימו לב:</u></p><p>- התשלום בפייבוקס או מזומן</p><p>- ינה סורגת את הבובות במיוחד אז הכנת הבובה תיקח בין שבוע לשבועיים<br></p><p>- לבקשות מיוחדות נא לפנות ישירות לינה בטלפון <a href=""tel:0546405208"" target=""_blank"">0546405208</a> או ב<a href=""https://wa.me/972546405208"" target=""_blank"">ווטסאפ</a></p>";ילדות מושלמת;;;https://d2j6dbq0eux0bg.cloudfront.net/images/35000153/1951125936.jpg;;;0.00;180.0;220.00;;yes;0.00;no;GLOBAL_METHODS;0.00;0.00;;;;;ליצן קטן שלי;"ליצן קטן שלי, אולי תרקוד איתי? אולי? אולי תרקוד איתי :) ליצני הקטן שלי נולד לכבוד יום הולדת שנתיים של עידודו שלנו בעידן הקורונה אני צריכה להמציא את עצמי מחדש, לחגוג מרחוק עם הנכדים.. אז הליצן כאן בשביל לשמח את כולם בתקופה הלא פשוטה הזו- מבוגרים וילדים כאחד. גובה הליצן הוא 45 ס""מ ליצני הקטן שלי סרוג מ100% חוטי כותנה, ניתן לכבס אותו ביד ב30 מעלות. שימו לב: - התשלום בפייבוקס או מזומן - ינה סורגת את ...";https://store35000153.company.site#!/ליצן-קטן-שלי/p/288096406;288096406
מיקי מאוס;"00012";;"<p>את מיקי מאוס לא צריך להציג, כולכם מכירים את הפרזנטור של וולט דיסני :)</p><p>מיקי נסרג מ100% כותנה, ניתן לכבס אותו במכונת הכביסה על 30-40 מעלות</p><p>גובה הבובה הוא כ35 ס""מ</p><p><u><br>שימו לב:</u></p><p>- התשלום בפייבוקס או מזומן</p><p>- ינה סורגת את הבובות במיוחד אז הכנת הבובה תיקח בין שבוע לשבועיים<br></p><p>- לבקשות מיוחדות נא לפנות ישירות לינה בטלפון <a href=""tel:0546405208"" target=""_blank"">0546405208</a> או ב<a href=""https://wa.me/972546405208"" target=""_blank"">ווטסאפ</a></p>";ילדות מושלמת;;;https://d2j6dbq0eux0bg.cloudfront.net/images/35000153/1643925963.jpg;;;0.00;300.0;400.00;;yes;0.00;no;GLOBAL_METHODS;0.00;0.00;;;;;;;https://store35000153.company.site#!/מיקי-מאוס/p/234269629;234269629
מלך האריות;"00008";;"<p>גם אצל ינה בסלון בין כל הבובות, אריק האריה הוא ללא ספק מלך החיות!</p><p>הוא מרשים, גדול, יפה, שומר על הבית וכולם יודעים שלא כדאי לעצבן אותו ;)</p><p>האריה נסרג מחוטי אקריל סינטטיים וניתן לכבס אותו במכונת הכביסה שלכם על 30-40 מעלות.</p><p>גובהו כ45 ס״מ</p><p><u><br>שימו לב:</u></p><p>- התשלום בפייבוקס או מזומן</p><p>- ינה סורגת את הבובות במיוחד אז הכנת הבובה תיקח בין שבוע לשבועיים<br></p><p>- לבקשות מיוחדות נא לפנות ישירות לינה בטלפון <a href=""tel:0546405208"" target=""_blank"">0546405208</a> או ב<a href=""https://wa.me/972546405208"" target=""_blank"">ווטסאפ</a></p>";ילדות מושלמת;;;https://d2j6dbq0eux0bg.cloudfront.net/images/35000153/1600777378.jpg;;;0.00;250.0;330.00;;yes;0.00;no;GLOBAL_METHODS;0.00;0.00;;;;;;;https://store35000153.company.site#!/מלך-האריות/p/228372596;228372596
נוני הישנונית;"00025";;"<p>בובת שינה נעימה, צבעונית וחמודה! קלילה ונוחה לחיבוק :)</p><p>מחכה לילד.ה שיאהבו אותה וירדמו איתה!</p><p>המחיר כולל הקראת סיפור על ידי נוני לפני השינה כמובן :)</p><p>בובת השינה סרוגה מחוטי אקריל סינטיים, ניתנת לכביסה במכונת הכביסה, 30-40 מעלות</p><p>גובה הבובה הוא כ40 ס""מ, רוחב הבובה הוא כ40 ס""מ</p><p><u><br>שימו לב:</u></p><p>- התשלום בפייבוקס או מזומן</p><p>- ינה סורגת את הבובות במיוחד אז הכנת הבובה תיקח בין שבוע לשבועיים<br></p><p>- לבקשות מיוחדות נא לפנות ישירות לינה בטלפון <a href=""tel:0546405208"" target=""_blank"">0546405208</a> או ב<a href=""https://wa.me/972546405208"" target=""_blank"">ווטסאפ</a></p>";ניו-בורן;;;https://d2j6dbq0eux0bg.cloudfront.net/images/35000153/1650510455.jpg;;;0.00;190.0;270.00;;yes;0.00;no;GLOBAL_METHODS;0.00;0.00;;;;;;;https://store35000153.company.site#!/נוני-הישנונית/p/235113558;235113558
סט נעלולים וכובע לתינוק;"00036";;;"עד 100 ש""ח";ניו-בורן;;https://d2j6dbq0eux0bg.cloudfront.net/images/35000153/1777990073.jpg;;;0.00;100.0;;;yes;0.00;no;GLOBAL_METHODS;0.00;0.00;;;;;;;https://store35000153.company.site#!/סט-נעלולים-וכובע-לתינוק/p/258249236;258249236
סמי הכבאי;"00007";;"<p>השעון צלצל גלין גלאן, סמי הכבאי מוכן!</p><p>אין צורך להציג את סמי, כל ילד (והורה) מכיר אותו! הוא הכבאי הגיבור!</p><p>סמי כאן לכל משחק דמיון שתרצו - יציל חתול תקוע על עץ ואפילו יעזור לאבא להכניס כלים למדיח ;)</p><p>התאהבות מיידית - מובטחת!</p><p>סמי סרוג מ100% כותנה, ניתן לכיבוס במכונת כביסה, 30-40 מעלות</p><p>גובה הבובה הוא כ50 ס""מ - גדול</p><p><u><br>שימו לב:</u></p><p>- התשלום בפייבוקס או מזומן</p><p>- ינה סורגת את הבובות במיוחד אז הכנת הבובה תיקח בין שבוע לשבועיים<br></p><p>- לבקשות מיוחדות נא לפנות ישירות לינה בטלפון <a href=""tel:0546405208"" target=""_blank"">0546405208</a> או ב<a href=""https://wa.me/972546405208"" target=""_blank"">ווטסאפ</a></p>";ילדות מושלמת;;;https://d2j6dbq0eux0bg.cloudfront.net/images/35000153/1650430942.jpg;;;0.00;350.0;420.00;;yes;0.00;no;GLOBAL_METHODS;0.00;0.00;;;;;;;https://store35000153.company.site#!/סמי-הכבאי/p/228373554;228373554
עכברונית רקדנית;"00020";;"<p>העכברונית שלנו גם היא בוגרת להקת הבלט של גן החיות!</p><p>יודעת לבצע את היצירה אגם העכברונים המפורסמת!</p><p>גובהה הוא כ15 ס""מ, עשויה מ100% כותנה.</p><p>ניתן לכבס אותה במכונת הכביסה, 30-40 מעלות.</p><p>ניתן לכתוב בהערות צבע שמלה או לתת לינה להפתיע אתכם :)</p><p><u><br>שימו לב:</u></p><p>- התשלום בפייבוקס או מזומן</p><p>- ינה סורגת את הבובות במיוחד אז הכנת הבובה תיקח בין שבוע לשבועיים<br></p><p>- לבקשות מיוחדות נא לפנות ישירות לינה בטלפון <a href=""tel:0546405208"" target=""_blank"">0546405208</a> או ב<a href=""https://wa.me/972546405208"" target=""_blank"">ווטסאפ</a></p>";"עד 100 ש""ח";לאוהבים;;https://d2j6dbq0eux0bg.cloudfront.net/images/35000153/1646347604.jpg;;;0.00;100.0;130.00;;yes;0.00;no;GLOBAL_METHODS;0.00;0.00;;;;;;;https://store35000153.company.site#!/עכברונית-רקדנית/p/234731427;234731427
פונצ׳ו פינוקי;"00037";;קשה לתאר כמה קסום הפונצ׳ו של ינהצ׳קה על הגוף, וכמה ייחודיות הוא מביא איתו.<p>בכל צבע או מידה שתבחרו תרגישו את החום והאהבה מהידיים של ינהצ׳קה♥️</p><p>הפונצ׳ו נסרג בהזמנה אישית במיוחד לפי המידה והצבע שתבחרו.🧶</p><p>נסרג כולו מחוטי אקריל, ניתן לכביסה עדינה ב<b>30-40 מעלות!</b></p><p><br></p>;;;;https://d2j6dbq0eux0bg.cloudfront.net/images/35000153/1780900883.jpg;;;0.00;140.0;160.00;;yes;0.00;no;GLOBAL_METHODS;0.00;0.00;;;;;פונצ׳ו פינוקי;קשה לתאר כמה קסום הפונצ׳ו של ינהצ׳קה על הגוף, וכמה ייחודיות הוא מביא איתו. בכל צבע או מידה שתבחרו תרגישו את החום והאהבה מהידיים של ינהצ׳קה♥️ הפונצ׳ו נסרג בהזמנה אישית במיוחד לפי המידה והצבע שתבחרו.🧶 נסרג כולו מחוטי אקריל, ניתן לכביסה עדינה ב 30-40 מעלות!;https://store35000153.company.site#!/פונצ׳ו-פינוקי/p/258758436;258758436
פינוקיו;"00040";;"<p>מכירים את פינוקיו? או שבעצם גדלתם על בורטינה?</p><p>אצלנו בבית התנגן שיר הפתיחה של פינוקיו בקולי קולות ובריקודים מצחיקים!</p><p>""בוקר טוב עולם! מה שלום כולם? אני יורד מהחוטים! אני כבר ילד אמיתי.. כמו כל הילדים!""</p><p>כך או כך פינוקיו חזר לחיים! אני כל כך אוהבת נוסטלגיה.. רואים?</p><p>פינוקיו שלי גבוה וחמוד, בובת העץ שכולם מכירים מקבלת הרבה רוך מחוטי הכותנה שלי.</p><p>פינוקיו ביקש פונפון בקצה הכובע אז לא התווכחתי איתו, וסרגתי לו במיוחד :)</p><p><br></p><p>גובהו של פינוקיו הוא 45 ס""מ</p><p><strong>פינוקיו החמוד שלי סרוג מ100% חוטי כותנה, ניתן לכבס אותו ביד ב30 מעלות.</strong></p><p><br></p><p><u>שימו לב:</u></p><p>- התשלום בפייבוקס או מזומן</p><p>- ינה סורגת את הבובות במיוחד אז הכנת הבובה תיקח בין שבוע לשבועיים<br></p><p>- לבקשות מיוחדות נא לפנות ישירות לינה בטלפון <a href=""tel:0546405208"" target=""_blank"">0546405208</a> או ב<a href=""https://wa.me/972546405208"" target=""_blank"">ווטסאפ</a></p>";לרוסים ולא רק;ילדות מושלמת;;https://d2j6dbq0eux0bg.cloudfront.net/images/35000153/1951249255.jpg;;;0.00;220.0;270.00;;yes;0.00;no;GLOBAL_METHODS;0.00;0.00;;;;;פינוקיו;"מכירים את פינוקיו? או שבעצם גדלתם על בורטינה? אצלנו בבית התנגן שיר הפתיחה של פינוקיו בקולי קולות ובריקודים מצחיקים! ""בוקר טוב עולם! מה שלום כולם? אני יורד מהחוטים! אני כבר ילד אמיתי.. כמו כל הילדים!"" כך או כך פינוקיו חזר לחיים! אני כל כך אוהבת נוסטלגיה.. רואים? פינוקיו שלי גבוה וחמוד, בובת העץ שכולם מכירים מקבלת הרבה רוך מחוטי הכותנה שלי. פינוקיו ביקש פונפון בקצה הכובע אז לא התווכחתי איתו, וסרגתי ...";https://store35000153.company.site#!/פינוקיו/p/288083284;288083284
צ'דר העכברון;"00016";;"<p>צ'דר העכברון של ינה אוהב מאוד גבינות, במיוחד גבינת צ'דר - ועל כן שמו :)</p><p>הוא והחתולון הם צוות מנצח, אך ישתלב נהדר עם כל אוסף בובות שיש לכם!</p><p>את האפודה היפה שלו ינה סרגה לו כי צ'דר אמר שקר מאוד במקרר הגבינות.. ;)</p><p>העכברון סרוג מ100% כותנה, ניתן לכיבוס במכונת כביסה, 30-40 מעלות.</p><p>גובה הבובה הוא כ20 ס״מ<br></p><p><u><br>שימו לב:</u></p><p>- התשלום בפייבוקס או מזומן</p><p>- ינה סורגת את הבובות במיוחד אז הכנת הבובה תיקח בין שבוע לשבועיים<br></p><p>- לבקשות מיוחדות נא לפנות ישירות לינה בטלפון <a href=""tel:0546405208"" target=""_blank"">0546405208</a> או ב<a href=""https://wa.me/972546405208"" target=""_blank"">ווטסאפ</a></p>";ילדות מושלמת;לאוהבים;;https://d2j6dbq0eux0bg.cloudfront.net/images/35000153/1644044735.jpg;;;0.00;180.0;210.00;;yes;0.00;no;GLOBAL_METHODS;0.00;0.00;;;;;;;https://store35000153.company.site#!/צדר-העכברון/p/234299341;234299341
צופי הצפרדע;"00026";;"<p>כן כן, גם צופי כידוע בוגרת להקת המחול של גן החיות של ינה!</p><p>צופי היא הסולנית הראשית במופע הצפרדעים! זאת כמובן בזכות זה שצופי היא הרקדנית הכי מתמידה, ירוקה וזללנית בלהקה!</p><p>הצפרדע סרוגה מ100% כותנה, ניתנת לכביסה במכונת כביסה, 30-40 מעלות</p><p>גובה הבובה הוא כ33 ס""מ</p><p><u><br>שימו לב:</u></p><p>- התשלום בפייבוקס או מזומן</p><p>- ינה סורגת את הבובות במיוחד אז הכנת הבובה תיקח בין שבוע לשבועיים<br></p><p>- לבקשות מיוחדות נא לפנות ישירות לינה בטלפון <a href=""tel:0546405208"" target=""_blank"">0546405208</a> או ב<a href=""https://wa.me/972546405208"" target=""_blank"">ווטסאפ</a></p>";;;;https://d2j6dbq0eux0bg.cloudfront.net/images/35000153/1650519036.jpg;;;0.00;240.0;300.00;;yes;0.00;no;GLOBAL_METHODS;0.00;0.00;;;;;;;https://store35000153.company.site#!/צופי-הצפרדע/p/235121203;235121203
צ׳יבורשקה;"00001";;"<p>יש פה מישהו שלא מכיר את צ'יבורשקה?</p><p>לא נראה לנו!</p><p>צ'יבורשקה היא הבובה האגדית והאהובה עלינו ועל הנכדים של ינה!</p><p>צ'יבורשקה שר איתנו את כל שירי הילדות האהובים שלנו, בחגים ובימי ההולדת!</p><p>הוא כמובן ישמח לבלות עם קרוקודיל גנה, אבל יודע לעשות שמח ולהרים את האווירה גם לבדו :)</p><p>הוא סרוג מחוטי אקריל סינטטיים, ניתן לכיבוס ביד בלבד.</p><p>גובהו של צ'יבורשקה הוא כ25 ס""מ.</p><p><u>שימו לב:</u></p><p>- התשלום בפייבוקס או מזומן</p><p>- ינה סורגת את הבובות במיוחד אז הכנת הבובה תיקח בין שבוע לשבועיים<br></p><p>- לבקשות מיוחדות נא לפנות ישירות לינה בטלפון <a href=""tel:0546405208"" target=""_blank"">0546405208</a> או ב<a href=""https://wa.me/972546405208"" target=""_blank"">ווטסאפ</a></p><p><br></p>";לרוסים ולא רק;;;https://d2j6dbq0eux0bg.cloudfront.net/images/35000153/1646354749.jpg;;;0.00;200.0;250.00;;yes;0.00;no;GLOBAL_METHODS;0.00;0.00;;;;;;;https://store35000153.company.site#!/צ׳יבורשקה/p/228239156;228239156
צנוני הליצן המצחיק;"00023";;"<p>צנוני הליצן עושה הפעלות ימי הולדת, בר מצוות, חתונות וכמובן הפעלה מרכזית בחתונות!</p><p>למשל כשהעכברוני וחזירונת התחתנו, הוא הרים מופע בלתי נשכח!</p><p>צנוני כובש את לבבות כל הילדים, אולי בגלל שהוא ג'ינג'י? או בגלל השלייקעס החמודים!</p><p> הליצן סרוג מחוטי כותנה וחוטי אקריל סינטטיים, ניתן לכבס אותו במכונת הכביסה, 30-40 מעלות</p><p>גובה הבובה הוא כ42 ס""מ<br></p><p><u>שימו לב:</u></p><p>- התשלום בפייבוקס או מזומן</p><p>- ינה סורגת את הבובות במיוחד אז הכנת הבובה תיקח בין שבוע לשבועיים<br></p><p>- לבקשות מיוחדות נא לפנות ישירות לינה בטלפון <a href=""tel:0546405208"" target=""_blank"">0546405208</a> או ב<a href=""https://wa.me/972546405208"" target=""_blank"">ווטסאפ</a></p>";ילדות מושלמת;;;https://d2j6dbq0eux0bg.cloudfront.net/images/35000153/1650489509.jpg;;;0.00;350.0;420.00;;yes;0.00;no;GLOBAL_METHODS;0.00;0.00;;;;;;;https://store35000153.company.site#!/צנוני-הליצן-המצחיק/p/235121090;235121090
קוף אדום;"00010";;"<p><span style=""font-size: 18px;"">הקוף האדום נולד בהזמנה מיוחדת של זיוי הנכד של ינה!</span><br></p><p><span style=""font-size: 18px;"">ומאז הפך לחביב הקהל.. לנו זה נראה טבעי שקוף יהיה אדום :)</span></p><p><span style=""font-size: 18px;"">רוצים קוף בצבע אחר? רישמו בהערות :)</span></p><p><span style=""font-size: 18px;"">הקוף סרוג מחוטי אקריל סינטטיים, ניתן לכיבוס במכונת כביסה, 30-40 מעלות</span></p><p><span style=""font-size: 18px;"">גובה הבובה הוא כ35 ס""מ</span></p><p><u>שימו לב:</u></p><p>- התשלום בפייבוקס או מזומן</p><p>- ינה סורגת את הבובות במיוחד אז הכנת הבובה תיקח בין שבוע לשבועיים<br></p><p><span style=""font-size: 18px;""></span></p><p>- לבקשות מיוחדות נא לפנות ישירות לינה בטלפון <a href=""tel:0546405208"" target=""_blank"">0546405208</a> או ב<a href=""https://wa.me/972546405208"" target=""_blank"">ווטסאפ</a></p>";ילדות מושלמת;;;https://d2j6dbq0eux0bg.cloudfront.net/images/35000153/1650433283.jpg;;;0.00;150.0;180.00;;yes;0.00;no;GLOBAL_METHODS;0.00;0.00;;;;;;;https://store35000153.company.site#!/קוף-אדום/p/234268989;234268989
קופיפי;"00004";;"<p>הקופיף הכי מפורסם של ינה!</p><p>קוקו הקופיף קיבל את שמו מילדה מתוקה ושמה תמר, בזכות הקוקו שיש לו :)</p><p>קוקו מגיע בשלל צבעים, מוזמנים לרשום בהערות את הגוון שתרצו! או שתתנו לינה להפתיע אתכם :)</p><p>קוקו ישמור לכם על המפתחות במסירות רבה!</p><p>הקופיף סרוג מ100% כותנה, ניתן לכיבוס במכונת כביסה, 30-40 מעלות</p><p>גובה הבובה כ16 ס""מ</p><p><br></p><p><u>שימו לב:</u></p><p>- התשלום בפייבוקס או מזומן</p><p>- ינה סורגת את הבובות במיוחד אז הכנת הבובה תיקח בין שבוע לשבועיים<br></p><p>- לבקשות מיוחדות נא לפנות ישירות לינה בטלפון <a href=""tel:0546405208"" target=""_blank"">0546405208</a> או ב<a href=""https://wa.me/972546405208"" target=""_blank"">ווטסאפ</a></p>";"עד 100 ש""ח";;;https://d2j6dbq0eux0bg.cloudfront.net/images/35000153/1646572558.jpg;;;0.00;80.0;90.00;;yes;0.00;no;GLOBAL_METHODS;0.00;0.00;;;;;;;https://store35000153.company.site#!/קופיפי/p/228372579;228372579
קרקדיל גנה;"00011";;"<p>עצרו הכל! ראיתם פעם תנין עם סריג וצווארון כל כך יפה?</p><p>גנה הקרקדיל האהוב שלנו, מוכן לצאת אתכם לטיול בגינה או סתם לארח לכם חברה בארוחת הערב :)</p><p>ההמלצה של ינה היא לשלב את גנה עם צ'יבורשקה כי הרי הם צמד חמד ידוע ומפורסם!</p><p>גנה סרוג מחוטי אקריל סינטטיים, ניתן לכבס אותו במכונת הכביסה שלהם, 30-40 מעלות.</p><p>גובה הבובה הוא כ40 ס""מ<br></p><p>שימו לב שניתן לבקש שהעיניים יהיו סרוגות, בטיחותי לתינוקות קטנים 💪🏼♥️</p><p><u>שימו לב:</u></p><p>- התשלום בפייבוקס או מזומן</p><p>- ינה סורגת את הבובות במיוחד אז הכנת הבובה תיקח בין שבוע לשבועיים<br></p><p>- לבקשות מיוחדות נא לפנות ישירות לינה בטלפון <a href=""tel:0546405208"" target=""_blank"">0546405208</a> או ב<a href=""https://wa.me/972546405208"" target=""_blank"">ווטסאפ</a></p>";לרוסים ולא רק;;;https://d2j6dbq0eux0bg.cloudfront.net/images/35000153/1643933184.jpg;;;0.00;200.0;250.00;;yes;0.00;no;GLOBAL_METHODS;0.00;0.00;;;;;;;https://store35000153.company.site#!/קרקדיל-גנה/p/234268990;234268990
רעשן לתינוק;"00028";;"<p>שני הרעשנים המקסימים של ינה נולדו כשנולדה נכדתה אנה!</p><p>הם מאוד נוחים להחזקה ביד התינוק, בטיחותיים להכניס לפה ומעניינים להסתכל עליהם :)</p><p>לדעתנו הם ימלאו את משטח המשחקים שלכם בצבע ועניין!</p><p>כל הרעשנים סרוגים מ100% כותנה, ניתנים לכיבוס במכונת כביסה, 30-40 מעלות</p><p>גובה הבובה הוא כ14 ס""מ</p><p><u>שימו לב:</u></p><p>- התשלום בפייבוקס או מזומן</p><p>- ינה סורגת את הבובות במיוחד אז הכנת הבובה תיקח בין שבוע לשבועיים<br></p><p>- לבקשות מיוחדות נא לפנות ישירות לינה בטלפון <a href=""tel:0546405208"" target=""_blank"">0546405208</a> או ב<a href=""https://wa.me/972546405208"" target=""_blank"">ווטסאפ</a></p>";"עד 100 ש""ח";ניו-בורן;;https://d2j6dbq0eux0bg.cloudfront.net/images/35000153/1650519486.jpg;;;0.00;60.0;80.00;;yes;0.00;no;GLOBAL_METHODS;0.00;0.00;;;;;;;https://store35000153.company.site#!/רעשן-לתינוק/p/235120388;235120388
רעשן נעים לתינוקות;"00002";;"<p>עוד חביב קהל הוא הכלבלב רעשן של ינה!</p><p>טומן בחובו הפתעה מרשרשת שתפתיע ותאתגר את התינוקות וגם את הפעוטות :)</p><p>הכי צבעוני והכי מצחיק!</p><p>הרעשן כלבלב סרוג מ100% כותנה, ניתן לכיבוס במכונת הכביסה שלכם, 30-40 מעלות</p><p>גובה הבובה הוא כ26 ס""מ</p><p><u>שימו לב:</u></p><p>- התשלום בפייבוקס או מזומן</p><p>- ינה סורגת את הבובות במיוחד אז הכנת הבובה תיקח בין שבוע לשבועיים<br></p><p>- לבקשות מיוחדות נא לפנות ישירות לינה בטלפון <a href=""tel:0546405208"" target=""_blank"">0546405208</a> או ב<a href=""https://wa.me/972546405208"" target=""_blank"">ווטסאפ</a></p>";"עד 100 ש""ח";ניו-בורן;;https://d2j6dbq0eux0bg.cloudfront.net/images/35000153/1650441157.jpg;;;0.00;100.0;140.00;;yes;0.00;no;GLOBAL_METHODS;0.00;0.00;;;;;;;https://store35000153.company.site#!/רעשן-נעים-לתינוקות/p/228372576;228372576
רעשן נשכן לתינוקות;"00030";;"<p>הרעשן הקסומים של ינהצ'קה הם המתנה המושלמת עבור תינוק שרק נולד!</p><p>ינהצ'קה תשמח לסרוג עבורכם רעשן, בדיוק בצבע שתבחרו :)</p><p>חלומות דובים לכולם :)</p><p>הבובה עשויה מ100% כותנה, בטיחותית לתינוקות קטנטנים</p><p><u><br>שימו לב:</u></p><p>- התשלום בפייבוקס או מזומן</p><p>- ינה סורגת את הבובות במיוחד אז הכנת הבובה תיקח בין שבוע לשבועיים<br></p><p>- לבקשות מיוחדות נא לפנות ישירות לינה בטלפון <a href=""tel:0546405208"" target=""_blank"">0546405208</a> או ב<a href=""https://wa.me/972546405208"" target=""_blank"">ווטסאפ</a></p>";"עד 100 ש""ח";ניו-בורן;;https://d2j6dbq0eux0bg.cloudfront.net/images/35000153/1652655132.jpg;;;0.00;60.0;85.00;;yes;0.00;no;GLOBAL_METHODS;0.00;0.00;;;;;;;https://store35000153.company.site#!/רעשן-נשכן-לתינוקות/p/235371382;235371382
תרומה - תמנונים לפגים;"00032";;"<p><span class=""redactor-invisible-space"">סביב יום כיפור 2020 החלטתי לסרוג תמנונים לפגים! ב48 שעות בהן בקושי קמתי מהספה, הצלחתי לסרוג <strong>10</strong> תמנונים אותם אתרום למחלקת פגים בבית החולים אסותא שבאשדוד.</span></p><p><span class=""redactor-invisible-space""><strong><span style=""color: rgb(84, 141, 212);""><span style=""background-color: rgb(255, 255, 255);""><span style=""color: rgb(95, 73, 122);"">ואז חשבתי על רעיון נחמד עבור אלו שישמחו לתרום -</span></span></span></strong></span></p><p><span class=""redactor-invisible-space""><strong><span style=""color: rgb(84, 141, 212);""><span style=""background-color: rgb(255, 255, 255);""><span style=""color: rgb(95, 73, 122);"">אסרוג עבורכם תמנון או תמנונית חמודים וצבעוניים.</span></span></span></strong></span></p><div><span class=""redactor-invisible-space""><strong><span style=""color: rgb(84, 141, 212);""><span style=""background-color: rgb(255, 255, 255);""><span style=""color: rgb(95, 73, 122);"">בסיום הסריגה אשלח לכם תמונה של התמנון המוכן ואז אעביר אותו לתרומה למחלקת פגים :)</span></span></span></strong></span></div><div><span class=""redactor-invisible-space""><strong><span style=""color: rgb(84, 141, 212);""><span style=""background-color: rgb(255, 255, 255);""><span style=""color: rgb(95, 73, 122);""><br></span></span></span></strong></span></div><p>קחו רגע לקרוא על הפרוייקט המדהים ""תמנונים לפגים"" בכתבה הבאה-<br></p><p><a href=""https://www.mako.co.il/ninemonth-birth/healthcare/Article-d40a948a41d1a51006.htm"">https://www.mako.co.il/ninemonth-birth/healthcare/...</a></p><p>וכנסו גם לקבוצת הפייסבוק החמודה שלהם -</p><p><a href=""https://www.facebook.com/preemieoctopiIL/"">https://www.facebook.com/preemieoctopiIL/</a><br></p>";"עד 100 ש""ח";ניו-בורן;;https://d2j6dbq0eux0bg.cloudfront.net/images/35000153/1683168673.jpg;;;;50.0;;;yes;0.00;no;GLOBAL_METHODS;0.00;0.00;;;;;;;https://store35000153.company.site#!/תרומה-תמנונים-לפגים/p/239722872;239722872
תרנגול;"00009";;"<p>קו קו רי קו ! הגיע הזמן להתעורר :)</p><p>ריקו הקוקוריקו של ינה כבר לבוש ומוכן להתחיל את היום!</p><p>מגיע מאולף עם חיסונים ותעודות, יודע לשבת וכמובן יתפקד במקום שעון מעורר.</p><p>התרנגול סרוג מ100% כותנה, ניתן לכיבוס במכונת כביסה, 30-40 מעלות</p><p>גובה הבובה הוא כ45 ס""מ</p><p><u>שימו לב:</u></p><p>- התשלום בפייבוקס או מזומן</p><p>- ינה סורגת את הבובות במיוחד אז הכנת הבובה תיקח בין שבוע לשבועיים<br></p><p>- לבקשות מיוחדות נא לפנות ישירות לינה בטלפון <a href=""tel:0546405208"" target=""_blank"">0546405208</a> או ב<a href=""https://wa.me/972546405208"" target=""_blank"">ווטסאפ</a></p>";לאוהבים;;;https://d2j6dbq0eux0bg.cloudfront.net/images/35000153/1662847671.jpg;;;0.00;250.0;330.00;;yes;0.00;no;GLOBAL_METHODS;0.00;0.00;;;;;;;https://store35000153.company.site#!/תרנגול/p/234239508;234239508
תרנגולית;"00000";;"<p>ריקי התרנגולית היא החברה הכי טובה של ריקו הקוקוריקו!</p><p>ביחד הם צמד חמד לעניין, אך גם לבד היא תתנהג מאוד יפה בביתכם :)</p><p>היא מאוד חרוצה, מתחילה את היום מוקדם, עושה צעידה עם ריקו במושב ורק אחר כך תתפנה אליכם.</p><p>התרנגולית סרוגה מ100% כותנה, ניתן לכבס אותה במכונת כביסה, 30-40 מעלות</p><p>גובה הבובה הוא כ40 ס""מ</p><p><u>שימו לב:</u></p><p>- התשלום בפייבוקס או מזומן</p><p>- ינה סורגת את הבובות במיוחד אז הכנת הבובה תיקח בין שבוע לשבועיים<br></p><p>- לבקשות מיוחדות נא לפנות ישירות לינה בטלפון <a href=""tel:0546405208"" target=""_blank"">0546405208</a> או ב<a href=""https://wa.me/972546405208"" target=""_blank"">ווטסאפ</a></p>";לאוהבים;;;https://d2j6dbq0eux0bg.cloudfront.net/images/35000153/1642900799.jpg;;;0.00;250.0;330.00;;yes;0.00;no;GLOBAL_METHODS;0.00;0.00;;;;;;;https://store35000153.company.site#!/תרנגולית/p/228287024;228287024
תרנגולת מטורללת;"00024";;"<p>אתם מכירים את התרנגולת הזאת שכולם מכירים?</p><p>אז טרולי התרנגולת היא בדיוק זאת.</p><p>היא יודעת תמיד מי נמצא איפה, מי אכל מה ומי הטיל כמה ביצים.</p><p>התרנגולת סרוגה מחוטי אקריל סינטטיים, ניתנת לכביסה במכונת כביסה, 30-40 מעלות.</p><p>גובה הבובה הוא כ30 ס""מ</p><p><u>שימו לב:</u></p><p>- התשלום בפייבוקס או מזומן</p><p>- ינה סורגת את הבובות במיוחד אז הכנת הבובה תיקח בין שבוע לשבועיים<br></p><p>- לבקשות מיוחדות נא לפנות ישירות לינה בטלפון <a href=""tel:0546405208"" target=""_blank"">0546405208</a> או ב<a href=""https://wa.me/972546405208"" target=""_blank"">ווטסאפ</a></p>";לאוהבים;;;https://d2j6dbq0eux0bg.cloudfront.net/images/35000153/1650508440.jpg;;;0.00;185.0;250.00;;yes;0.00;no;GLOBAL_METHODS;0.00;0.00;;;;;;;https://store35000153.company.site#!/תרנגולת-מטורללת/p/235113535;235113535
